{"cameraMode":{"drawMode":0,"name":"Shaded","section":"Shading Mode"},"sceneLighting":true,"audioPlay":false,"sceneViewState":{"showFog":true,"showMaterialUpdate":false,"showSkybox":true,"showFlares":true,"showImageEffects":true,"showParticleSystems":true},"in2DMode":false,"pivot":{"x":8.151154518127442,"y":-0.1328752040863037,"z":-6.48492956161499},"rotation":{"x":-0.011740041896700859,"y":-0.9445266127586365,"z":0.03403552621603012,"w":-0.32670241594314577},"size":8.879199028015137,"orthographic":false}