{"cameraMode":{"drawMode":0,"name":"Shaded","section":"Shading Mode"},"sceneLighting":true,"audioPlay":false,"sceneViewState":{"showFog":true,"showMaterialUpdate":true,"showSkybox":true,"showFlares":true,"showImageEffects":true,"showParticleSystems":true},"in2DMode":false,"pivot":{"x":6.775449275970459,"y":0.5669170022010803,"z":2.627070665359497},"rotation":{"x":-0.12745800614356996,"y":0.014586996287107468,"z":-0.002111433306708932,"w":-0.9918350577354431},"size":2.8983798027038576,"orthographic":false}