{"cameraMode":{"drawMode":0,"name":"Shaded","section":"Shading Mode"},"sceneLighting":true,"audioPlay":false,"sceneViewState":{"showFog":true,"showMaterialUpdate":false,"showSkybox":false,"showFlares":true,"showImageEffects":true,"showParticleSystems":true},"in2DMode":false,"pivot":{"x":0.0,"y":0.21099853515625,"z":1.6420001983642579},"rotation":{"x":0.0032061152160167696,"y":-0.7454389333724976,"z":0.0035850920248776676,"w":0.6665587425231934},"size":3.9760024547576906,"orthographic":false}