{"cameraMode":{"drawMode":0,"name":"Shaded","section":"Shading Mode"},"sceneLighting":true,"audioPlay":false,"sceneViewState":{"showFog":true,"showMaterialUpdate":false,"showSkybox":true,"showFlares":true,"showImageEffects":true,"showParticleSystems":true},"in2DMode":false,"pivot":{"x":-0.49941036105155947,"y":0.8329707384109497,"z":-4.0675835609436039},"rotation":{"x":0.055263616144657138,"y":-0.8133684992790222,"z":0.07833246886730194,"w":0.5738541483879089},"size":12.46871566772461,"orthographic":false}