{"cameraMode":{"drawMode":0,"name":"Shaded","section":"Shading Mode"},"sceneLighting":true,"audioPlay":false,"sceneViewState":{"showFog":true,"showMaterialUpdate":true,"showSkybox":true,"showFlares":true,"showImageEffects":true,"showParticleSystems":true},"in2DMode":false,"pivot":{"x":9.291451454162598,"y":-0.24435997009277345,"z":-20.509780883789064},"rotation":{"x":0.04977996647357941,"y":0.029015086591243745,"z":-0.0012336056679487229,"w":0.9984456300735474},"size":2.8983798027038576,"orthographic":false}