{"cameraMode":{"drawMode":0,"name":"Shaded","section":"Shading Mode"},"sceneLighting":false,"audioPlay":false,"sceneViewState":{"showFog":true,"showMaterialUpdate":false,"showSkybox":false,"showFlares":true,"showImageEffects":true,"showParticleSystems":true},"in2DMode":false,"pivot":{"x":-8.350834846496582,"y":-3.525336742401123,"z":7.3408050537109379},"rotation":{"x":-0.06595928966999054,"y":0.8659664392471314,"z":0.11867115646600723,"w":0.48132169246673586},"size":22.0,"orthographic":false}